post_id,text,annotator_labels,token_length
1254517888599429125_twitter,i am confused how a president blocked stimulus checks for those who married to immigrants while he himself married to an immigrant,"[2, 1, 1]",22
1193293522142547968_twitter,<user> i hate you,"[1, 1, 0]",4
24795919_gab,theresa may treason has no limit as she appoints sajid javid home sec in charge of uk security police immigration a moslem of pakistani origin civil war seems to be the only route,"[1, 1, 0]",33
16299654_gab,have been suspended four times by twitter always when content said something re moslems but truth also seeing that second largest shareholder is a moslem prince alwaleed bin talal bin abdulaziz alsaud not surprising so have drifted into gab ai for a better time and no moslem appeasement hope,"[0, 1, 1]",49
17913782_gab,hes a mohammaden just the same as every muslim in the world obeying the qur an,"[1, 2, 1]",16
1179079220514832384_twitter,this weather for jadakiss dykes,"[0, 1, 1]",5
27605417_gab,miss america shall embrace beer for beer makes fat women look beautiful,"[1, 1, 2]",12
1145938479450337280_twitter,this movie is ghetto,"[1, 1, 2]",4
1179102626207686657_twitter,<user> <user> <user> it was way better than sonoma if you remember your redneck jesus won the glenn also,"[2, 1, 1]",19
1177890061817397249_twitter,breona that my dyke 🤣,"[1, 1, 0]",5
1099333093058584577_twitter,<user> rules are rules leave the ghetto at the door when you walk in,"[2, 1, 1]",14
1268081343096741891_twitter,<user> i wll bet in that <number> percent names in that list would be muslims,"[1, 2, 1]",15
1223091900422316032_twitter,yall voted dyke shorts kyle lowry over derrick rose whoever voted for lowry should be ashamed,"[1, 2, 1]",16
1179028034525028360_twitter,<user> <user> muslim have <number> muslim country why they not taking refugee from bangladesh in there country why muslim refugee just want to come in europe india and america,"[2, 1, 1]",29
13280748_gab,they are planting evidence suggesting that europe was moslem land to make moslems feel more entitled and the native europeans feel more guilty therefore easier to submit and surrender to islam it psychological warfare,"[1, 2, 1]",34
18012075_gab,the national health serivces of the uk making tax payers pay for insanity biological men who regard themselves as women are being invited for cervical smear tests – even though it is impossible for them to have a cervix – an official guidebook states,"[1, 1, 2]",44
1232098262267678720_twitter,use coupon code “ holocaust denial ” for <number> odd at checkout,"[1, 1, 2]",12
1232665780971376640_twitter,<user> muslims voted for <user> bjp team b and got the government they deserve,"[1, 1, 2]",14
1278979776460578816_twitter,good morning to all the <number> ’ <number> <number> ’ <number> women,"[1, 2, 1]",12
1178690890258243589_twitter,<user> why d they all isra a muzzie,"[1, 1, 0]",8
1077719367524052997_twitter,it ’ kind of islamaphobic that everything is closed today,"[1, 2, 1]",10
1178691252402806784_twitter,<user> <user> ching chong ching,"[0, 1, 1]",5
21515474_gab,theresa may wants to remain in the eu attacking russia attacking america by arresting brittany two huge deals could now be in jeopardy i hope the russians or the arabs get may,"[1, 2, 1]",32
1179011774403756032_twitter,the dyke wants her kpop boy,"[1, 1, 0]",6
1146148844742369281_twitter,<user> i just seen u say u want a neck tat but a portrait ghetto alright young m a,"[2, 1, 1]",19
23043331_gab,if trump needs a man to run operation wetback again i am available,"[1, 0, 1]",13
23238279_gab,brighton is a ghetto and needs the acts of winnie mandela justice has been pronounced,"[2, 1, 1]",15
22806498_gab,i have just escaped the fb ghetto and am in search of normal trump2020 patriot followme,"[1, 1, 2]",16
7599031_gab,bampumim teixeira an immigrant from west africa,"[2, 1, 1]",7
1089320840620134400_twitter,<user> i hate you,"[0, 1, 1]",4
7182358_gab,that probably what muslim women think it all about trust,"[1, 1, 2]",10
1229859716110716928_twitter,need a sim card asap dis getting ghetto,"[1, 2, 1]",8
10731956_gab,lol gtfo of here with holocaust denial this place is amazing,"[1, 2, 1]",11
17356759_gab,the one thing the internet is liable to grant most easily is swift passage to backwater ghetto echo chamber status that is alt tech tech safely sequestered from the universal public square,"[1, 2, 1]",32
1189486679595204608_twitter,every women i have been with was inserted in my life to teach me something it seems,"[1, 0, 1]",17
1116574232626913281_twitter,<user> let ’ donate to a worthy cause like a legal immigrant who supports <user>,"[1, 2, 1]",15
1178344462814076928_twitter,<user> lmao im finna b a dyke <number>,"[1, 1, 0]",8
5378469_gab,i hate to rain on your parade but iceland is considered the most feminist country in the world and is first country to have an openly lesbian butch dyke pm caveat emptor,"[1, 1, 0]",32
1186666169522147330_twitter,i hate ghetto names 😭,"[1, 2, 1]",5
1178803711973437441_twitter,oomfs you have <number> hours to unfollow <user> he called me a dyke i am literally shaking right now,"[2, 1, 1]",19
10840187_gab,have you ever met a muslim for real have you lived in a islamised area,"[2, 1, 1]",15
1204096845514981384_twitter,<user> i hate you,"[0, 1, 1]",4
6990776_gab,i recently met a retired federal leo who signed up to be a host for syrian refugees with air b& b 🤔,"[1, 2, 1]",22
26586297_gab,leaflet the ghetto claiming it is a free hip hop concert,"[2, 1, 1]",11
15894296_gab,randomthought in my very early <number> i had a realization that broke my heart the realization was that no matter how long i lived i would never live long enough to sleep with all of the beautiful women in the world pure tragedy 😛,"[2, 1, 1]",44
1173801983284789248_twitter,<user> a little ghetto but congrats 🤠,"[1, 1, 2]",7
4603160_gab,judge who blocked part of trumps ban on immigrants is a obama appointed judge and clinton donor what a f 4 ing shock,"[2, 1, 1]",23
1090255373489991680_twitter,<user> shot up i hate you,"[1, 1, 2]",6
1094766917875888128_twitter,miley the ghetto what is this,"[2, 1, 1]",6
7497339_gab,north korea could be a much better place if they just had diversity we need to deliver them some syrian refugees african migrants immediately,"[1, 1, 2]",24
1100232293094907904_twitter,tf lebron got mix match shoes on tryna be cute bruh focus on making the ayoffs 😩 🤦 🏽 ‍ ♂ ️,"[1, 2, 1]",22
1265596729677799424_twitter,<user> as salam o aliqum my self umar khan <number> years old muslim mulla sunni pathan karachi pakistan height <number> weight 8 0 kgs,"[1, 2, 1]",24
1094806088451469312_twitter,<user> <user> my area pensioners saja pun ada liquor store 🤷 ‍ ♀ ️ 🤦 ‍ ♀ ️ dahla rata2 pious taoists buddhists christians muslims,"[1, 0, 1]",25
1168954034784473088_twitter,<user> <user> had not been muzzies been donated pak amp bangladesh by india already,"[2, 1, 1]",14
1109121969444802561_twitter,<user> some 3 rd world immigrant,"[1, 1, 2]",6
1253904331310542849_twitter,horny teens dm me to trade gayteen gaytrade gaysnap,"[1, 2, 1]",9
15806771_gab,putin syria has been liberated time for refugees to return,"[1, 2, 1]",10
1178427709225127936_twitter,debating if i should get the ghetto mom name tattoo on the wrist 😂 😂 😂,"[1, 2, 1]",16
1196465289409548288_twitter,jhené aiko and big sean ’ relationship is something i never want in my life that level of indecisiveness is ghetto,"[1, 1, 2]",21
1162739972048379905_twitter,<user> mucho gusto maeve lindo nombre soy phoenix walsh un placer bonita,"[1, 1, 2]",12
1186965986752126976_twitter,<user> <user> impossible trudeau bringing in over <number> million immigrants liberal voters by next election,"[1, 2, 1]",15
12179276_gab,it is the muslim way,"[1, 2, 1]",5
1126143085652500481_twitter,my period is stopping me from being the muslim i wanted to be,"[1, 1, 2]",13
1179072407216238592_twitter,<user> <user> idk where you live because gnc girls get called dykes and else and a study shows gnc females get attacked more frequently than gnc males,"[2, 1, 1]",27
1165301513226510339_twitter,<user> <user> you sound like you are reading from a neonazi playbook,"[1, 0, 1]",12
1179533482944614401_twitter,<user> well like they are lesbians for a reason lmao,"[1, 2, 1]",10
1252649999537713153_twitter,<user> yes because immigrants are having rallies with guns,"[1, 1, 2]",9
4735350_gab,the left acknowledges there is a rise in nationalism when will they acknowledge why not a nationalist here just a rationalist we have been told our entire lives we are all immigrants not true but if we are immigrants from europe then we must saveeurope gabfam speakfreely,"[0, 1, 1]",47
20752861_gab,they certainly learned the art of taqiyya quite well from their moslem overlords,"[1, 1, 0]",13
24050890_gab,we will get them back the gindu mussie group or the anti american lefty antif group will find a place and time to return them,"[2, 1, 1]",25
1144691953260486657_twitter,if you are an immigrant is there more incentive to come to the us illegally than legally,"[1, 1, 2]",17
1232677504046911489_twitter,<user> <user> who cares about us are we standing alone in this world or will survive by moslem alone,"[2, 1, 1]",19
1198579683178225665_twitter,<user> <user> the prophet muhammad saw says if you are full and your neighbour is sleeping hungry you are not a muslim,"[1, 1, 2]",22
1219398637991747584_twitter,<user> <user> i hate you 😭 😭 😭 😭 💀,"[1, 0, 1]",10
11821251_gab,you and many other moslems would not however advertise that fact to other muslims particularly not in muslim controlled countries,"[1, 1, 2]",20
13080023_gab,breaking news the british government to release a statement later where they are expected to condemn the crusades racism islamophobia to praise islam call for more moslem immigrants,"[1, 1, 0]",28
17052889_gab,i am against the oppression of women and everything islam encompasses,"[1, 0, 1]",11
1165681693321322496_twitter,<user> kashmir is indian the ones who occupied were the muslims,"[1, 2, 1]",11
10537069_gab,haha social justice vulnerable immigrant communities refugees hahahhaa actually it not funny because that is what happening,"[1, 1, 0]",17
11399512_gab,senate sleazebag chuck schumer d ny has declared restricting voting to only americans as an exercise in racism everything that protects america from conquest such as immigration laws vetting of refugees and voter ids is racist to corrupt chuck,"[1, 1, 0]",39
6201187_gab,hey libs since the u.s. is such a oppressive country should not you advise immigrants not to come here,"[1, 1, 2]",19
1182982995998924801_twitter,i ’ m protected by these ghetto angels,"[1, 1, 2]",8
1178946459980447744_twitter,keenly creator confront warlock dyke,"[1, 2, 1]",5
1170792871466864643_twitter,y ’ all ghetto for still watching the nfl,"[1, 1, 2]",9
1144594565720092672_twitter,okay but realistically speaking i am way better at dealing with heat than the cold arabs be like,"[1, 1, 2]",18
1081640780563914752_twitter,islam makes everything clearer there is no ambiguity in the teaching of islam,"[2, 1, 1]",13
22105813_gab,i like women cause they are soft and pretty and they smell nice even though they are robots,"[2, 1, 1]",18
1214842366269501440_twitter,<user> <user> but why a hindu name aren ’ t muslims names normal to be used in a movie,"[2, 1, 1]",19
1184937029940985856_twitter,i ’ ll be glad when we make it out the ghetto 🥴 😂,"[2, 1, 1]",14
16962207_gab,i tried putting my finger in a dike once she screamed slapped me and ran off 😁 😂,"[1, 1, 0]",18
9089900_gab,figuratively read up about the rino muslim apologist,"[1, 2, 1]",8
1179041200294244352_twitter,<user> hate you,"[1, 0, 1]",3
21772282_gab,with moderate muslim friends like these tommyrobinson speakerscorner,"[1, 2, 1]",8
1097125282711027712_twitter,<user> <user> merkel too also pro dae sh refugees 🐫 🐫,"[1, 1, 2]",11
1178684623292948480_twitter,<user> <user> nasser is the dindu nuffin of cg lol,"[2, 1, 1]",10
1178360730380320768_twitter,<user> <user> yeah make the women take the stairs c,"[1, 1, 2]",10
17976462_gab,mormonism is the american equivalent of heeb larping,"[0, 1, 1]",8
1211532629259870208_twitter,<user> all <number> muslim countries in the world should give shelter rohingyas,"[1, 2, 1]",12
1255045530125611008_twitter,the fact that <number> of ypu see my tweets andjust ignore rhem is islamophobia and homophobia,"[2, 1, 1]",16
1087516899817209856_twitter,<user> <user> they sound like they are islamic,"[1, 1, 2]",8
21130036_gab,the absolute state of right wing women lol awaits the outrage,"[1, 1, 2]",11
22738951_gab,her guards should not have any weapons and they should walk her through a chicago ghetto at night 😉,"[1, 1, 2]",19
1205553682462449665_twitter,also what kind of self respecting redneck woman from the south dreams of getting naked in hollywood movies,"[1, 2, 1]",18
1179042873209233408_twitter,towson parking is ghetto asf,"[1, 2, 1]",5
1116887530375274497_twitter,<user> everyone hate your knees,"[1, 1, 2]",5
9640523_gab,naturally immigrants tend to be stronger than guys born in america,"[2, 1, 1]",11
11292537_gab,it is a good thing they relocated all of the new orleans katrina refugees to houston they will be of great help teaching the locals how to handle this flood,"[1, 1, 2]",30
1167245413750956032_twitter,<user> <user> so racism with a sprinkle of sexual harassment,"[2, 1, 1]",10
1232941338775080960_twitter,if you are dating my exes stop thinking that i hate you ahah relax idc it your time to suffer toodles x,"[2, 1, 1]",22
1258834932811665408_twitter,<user> i swear lee min ho will successfully turn me gayy 😪 😪 💔 💔,"[1, 1, 2]",15
1178485592696528897_twitter,consider that maybe dykes are defensive bc our whole lives we have been treated like sexualized side shows to use for fun every time we have tried to outwardly express our attraction to women,"[1, 2, 1]",34
1081605053155291136_twitter,rt if your parents are not homophobes,"[1, 1, 2]",7
1182315881948422145_twitter,young women of this generation be more worried about how much money he has rather than if he has the holy spirit or not,"[1, 1, 2]",24
1160508367456145408_twitter,<user> <user> these are the kind of immigrants we all should welcome,"[1, 2, 1]",12
1179089265038249984_twitter,<user> <user> ok i admit the tractor looks like a muzzie nuni rest all 😍,"[1, 1, 0]",15
2105236_gab,tim kaine wishes 1 8 yr old refugee had a gun maga,"[2, 1, 1]",12
1179057865899696128_twitter,<user> <user> <user> ban the scuzzy muzzy,"[1, 1, 2]",7
1179066514974093312_twitter,<user> <user> <user> <user> <user> <user> <user> <user> <user> <user> <user> <user> <user> <user> <user> <user> <user> <user> <user> <user> <user> <user> <user> <user> anyone wanna bet how long until he starts denying the holocaust,"[1, 1, 2]",35
1201783640696463360_twitter,<user> is big league muslim,"[1, 1, 2]",5
1176954799671017473_twitter,<user> <user> of course this assumes that you are not prejudiced against immigrants or muslims,"[2, 1, 1]",15
1145614549149552640_twitter,<user> a <number> yr muslims kid while crying 😥 😥 says to no to khatna 😂 😂 😂 😂 😂 😂 😂 😂,"[2, 1, 1]",23
1087158676912140288_twitter,<user> money laundering tax evasion real estate corruption birth tourism ethnic ghettos,"[2, 1, 1]",12
1252403349300772866_twitter,<user> other wise all the immigrants would have been banned finally 🇧 🇩 took advantage,"[2, 1, 1]",15
5489354_gab,bye bye muslim kwned <user> i will stick with the gardening channel humor politics maga,"[0, 1, 1]",15
1237089861535969282_twitter,jt ghetto fine,"[2, 1, 1]",3
1087405331804758017_twitter,latinamerican fans muslim fans 🤝 fighting kexols,"[1, 1, 2]",7
9867294_gab,britain and usa are israel real enemies and the palestinians and other arabs are potential partners against american imperialism,"[1, 1, 2]",19
1231732175030116352_twitter,<user> i hate you toddler,"[1, 2, 1]",5
1111009599191166978_twitter,<user> marry my cousin she also needs citizenship two undocumented immigrants equal a citizen it is basic math,"[2, 1, 1]",18
1212429446944370688_twitter,tonight we all gunna be in the ghetto 🤷 🏽 ‍ ♂ ️ 💥 💥 rah ta ta ta,"[1, 1, 2]",19
1179040123767406593_twitter,<user> <user> <user> another pc feminazi type,"[2, 1, 1]",7
17734035_gab,it fitting that the clintons were finally taken down by a weiner and a muslim spy,"[1, 1, 2]",16
16381215_gab,concerned about a twitter purge will surely be meeting some twitter refugee pals here eventually,"[2, 1, 1]",15
12931000_gab,post shootings liberals ban guns post terror attacks let let in more muslim refugees,"[1, 1, 2]",14
15986318_gab,all news stations should respond to the moslem bombings with hold on we re picking up the pieces here,"[1, 1, 0]",19
1246371541681659905_twitter,<user> encourage more jihadis to spit,"[2, 1, 1]",6
1097184028149587969_twitter,<user> france in <number> after muslims take over,"[1, 2, 1]",8
1240080748402655234_twitter,<user> whew i hate it here america is so ghetto right now 🥴,"[1, 2, 1]",13
1272645324645990406_twitter,<user> belong to the ghetto,"[2, 1, 1]",5
19709062_gab,are the refugees allowed in heaven or are they given hell,"[1, 1, 2]",11
1178896558189727744_twitter,who wanna be dykes in luv,"[1, 1, 2]",6
1086739334563270658_twitter,<user> <user> this is what feminazi consider being born again,"[1, 1, 2]",10
1224156557350461446_twitter,<user> i hate you,"[1, 2, 1]",4
1185789459335385088_twitter,<user> not newark that ’ ghetto,"[1, 1, 0]",6
18961002_gab,<user> ‍ they call this a hipster raccoon but with the pbr and plaid shirt he looks more like a hillbilly raccoon 😆,"[2, 1, 1]",23
1159250101426167808_twitter,ice raids sweep up <number> undocumented immigrants across mississippi the should arrest the employers like trump that hire illegals too,"[2, 1, 1]",20
1076139190327242752_twitter,if we end up building the wall the immigrants will simply build trebuchets and battering rams and lay siege to our 1 4 th century fortress,"[1, 1, 0]",26
18714380_gab,you sound like a 7 th centurie ad muslim from egypt shut up cryingman,"[1, 1, 2]",14
1174066962642722816_twitter,<user> 😔 the ghetto but soze uhlulwe yiyo good luck 👌,"[2, 1, 1]",11
1229512855533146112_twitter,<number> round my nec this that ching chong,"[1, 0, 1]",8
1259124750816808964_twitter,<user> would have protected immigrants saved our children and inspired a generation but you didn ’ t care,"[0, 1, 1]",18
16417402_gab,fess up if you had a ghetto blaster when you were a kid boombox,"[2, 1, 1]",14
1205180464912388098_twitter,<user> i hate you hold dis block,"[1, 0, 1]",7
1124143365891809280_twitter,<user> <user> i hate you 😂,"[1, 1, 2]",6
1222524448827273217_twitter,<user> how many caucasians are infected with the virus,"[1, 2, 1]",9
1164882409952858116_twitter,<user> i hate you 😂,"[1, 2, 1]",5
11033369_gab,move the arabs in israel to pakistan now i think of it,"[1, 1, 2]",12
1185232317347794944_twitter,<user> yeah me and gaby hate you,"[2, 1, 1]",7
1178939497456779264_twitter,<user> goodnight redneck,"[2, 1, 1]",3
1188342473464135685_twitter,<user> half the girls i develop a crush on are lesbians seems like,"[1, 2, 1]",13
1167318533027418114_twitter,<user> lmfao i hate youu you are so annoying,"[1, 1, 2]",9
1200308497822425093_twitter,sleeping alone how ghetto,"[2, 1, 1]",4
4120470_gab,<user> but muzzies deny the trinity only one allah and nothing beside or to compare to indeed they see jesus as just another prophet,"[1, 0, 1]",24
1188375058974199809_twitter,<number> hour podcast are very ghetto <user>,"[1, 2, 1]",7
4088371_gab,<user> welcome to the club i posted about pizzagate holocaust myth truth to earn acct lock i will not retract one word so it stays locked forever until twitter is dead,"[1, 0, 1]",31
24324827_gab,minimum wage defenders are the real racists minimum wages were first designed to keep women and minorities out of jobs <url>,"[1, 1, 2]",21
1178990220013920256_twitter,<user> apologies for taking so long but i have asked around and sadly the biggest turn down thus far is moving to toronto ontario due to them being cautionary against feminism with margaret atwood living in toronto and being the mother of feminazi so sadly there are no takers sorry,"[1, 2, 1]",50
1203927219464294400_twitter,<user> there ’ really a time and a place for everything this is just ghetto 🤢,"[1, 1, 2]",16
1164629846384947200_twitter,so walmart quietly removing cashiers nationwide technology is replacing humans not immigrants 🤷 🏾 ‍ ♂ ️,"[2, 1, 1]",17
1118855959160545280_twitter,<user> no collusion time to end the witch hunt and presidential harassment,"[1, 1, 2]",12
1264228895827480576_twitter,<user> <number> bank islam,"[2, 1, 1]",4
5053627_gab,the trump admin should fight the 9 th circuit decision on the refugee ban all the way to the supreme court but it needs to simultaneously move forward with other agenda items they should not get bogged down,"[1, 0, 1]",38
14601968_gab,take a look at that sign fighting for women of all genders no there is only <number> female gender,"[1, 2, 1]",19
27600552_gab,saw this at sainsburys i am still trying to work out the motive is it majority of the population demographic need not apply or let empower muslim women to work to try recover the hemoraging welfare state or is it virtue signalling on behalf of the toxic masculine patriarcy,"[1, 1, 2]",49
11576842_gab,also only weak beta men are threatened by women in leadership positions so the only way to have an organization filled w strong manly men is to put women in charge it pretty basic science,"[2, 1, 1]",35
1252895502712090624_twitter,<user> popsmoke was a muslim brother using his song is accumulating him sins in his grave,"[1, 1, 2]",16
1179104984341848065_twitter,<user> um yea all they dykes to me 😂 including me 🤣 🤷 🏽 ‍ ♀️,"[1, 2, 1]",16
1144374884832706560_twitter,<user> our immigrants less worried about them than i am about the legal residents in the us as you should be,"[1, 1, 2]",21
1230235374741577734_twitter,<user> honey they are the ghetto of all of gary 💀,"[1, 2, 1]",11
1107398446023995392_twitter,<user> that muslim congress woman ilhan omar,"[2, 1, 1]",7
1145350924539432962_twitter,having a period every month is so ghetto,"[2, 1, 1]",8
7711217_gab,sounds like moslem men have no self control whatsoever,"[0, 1, 1]",9
1116530024671260672_twitter,<user> i thought they were not a threat and immigrants were great though,"[1, 1, 2]",13
17885803_gab,they should be at work they are arabs,"[1, 2, 1]",8
1250904615454937089_twitter,<user> yes i ’ m an immigrant bit i support trump <number> <number> reasoning i see alzheimer ’ is catching up to you,"[1, 1, 2]",23
26887609_gab,i bet the dyke in the middle in the toughest man in the room,"[0, 1, 1]",14
16862232_gab,why arabs lose wars <user>,"[1, 0, 1]",5
1252648137296142339_twitter,<user> your hate will harm indian muslims more your hinduphobia will leads to harm indian muslims more so stop this hate,"[2, 1, 1]",21
6636600_gab,they have refugees to import,"[1, 1, 2]",5
14841221_gab,a large number of men have also abdicated their responsibilities as providers and protectors pickup artistry and emancipated slutdom are cultures which mutually feed upon each other when i was young there were more women seeking lasting relationships than men has this reversed now,"[1, 1, 2]",44
1251273356680331267_twitter,muslims be calling me islamaphobe for quoting their quran verses,"[1, 1, 2]",10
1186297871890468864_twitter,pause has anyone listened to the txt album im listening right now and i its so goos lesbians help im vibrating,"[2, 1, 1]",21
1219420538029764608_twitter,<user> <user> this is why i hate you 😡,"[0, 1, 1]",9
1209673181067235330_twitter,<user> looking through your twitter makes me hate you,"[1, 1, 2]",9
26319862_gab,ok glad to see you are ok was thinking the muzzy got you lol <happy> 🤗 😘 ❤️ ️ 🌺 💐,"[1, 0, 1]",21
1188512615405887494_twitter,<user> i hate you,"[1, 1, 0]",4
1114742810740051968_twitter,<user> its probably indonesian malaysian muslims who retweeted it,"[1, 1, 0]",9
15430741_gab,kimmel has sexual harassment accusations made against him in <number> <number> <number>,"[1, 2, 1]",12
6683255_gab,<user> it seems that once a city becomes entirely divorced from its industrial past then it either becomes a ghetto or it becomes what i call a lifestyle city where paying <number> dollars at a restaurant for one person is not uncommon,"[1, 2, 1]",42
1203177135302557696_twitter,<user> haa beti wale line mai thoda over cheesey ho gaya social media pe but uske kehne ka matlb tha he cares his wife like his daughter,"[1, 1, 0]",27
1088355307632381952_twitter,<user> economic holocaust have a word 😄,"[2, 1, 1]",7
21213524_gab,same thing that happens when you allow a short haired dyke to be a sheriff in broward county florida,"[0, 1, 1]",19
1178485184188047360_twitter,janis is a space dyke,"[2, 1, 1]",5
1213934652982992903_twitter,<user> <user> it great except for the gop areas that are calling for more refugees rino areas need to be smoked out,"[1, 2, 1]",22
1178540020426133504_twitter,<user> <user> <user> <user> <user> <user> <user> <user> so the muslim ban was definitely not racist then how about shithole countries how about his attacks specifically on minority congressmen and women despite over <number> hundred he could have chosen from that support an impeachment inquiry,"[0, 1, 1]",45
1178902450675355648_twitter,gaines it supposed to touch a dyke,"[1, 1, 2]",7
13174503_gab,they told us that we couldnt call them dykes any more because it wasnt pc so we started calling them lesbians,"[2, 1, 1]",21
22049484_gab,is there any opposition to muslim invasion in sweden,"[2, 1, 1]",9
16812567_gab,any one noticing recent surge of refugees from twatter welcome aboard merrychristmas fellow pats gabfam speakfreely,"[0, 1, 1]",16
1279414218274603010_twitter,<user> you ’ re islamphobia is showing and it aint it,"[1, 2, 1]",11
19858518_gab,i saw this post earlier i also saw he also had alah ackabar bullshit on his instagram before they pulled it his friend was a moslem so liberal moslem antfia,"[1, 1, 0]",30
1179098103284211712_twitter,anyway justine as called max a slur justine has been cancelled max is a free dyke now,"[1, 1, 2]",17
1178861263511785478_twitter,dykes has joined og for the first time <user>,"[0, 1, 1]",9
1218011054757830656_twitter,<user> hate you 😭 😭 😭 i was just about to watch this rn,"[1, 0, 1]",14
1191534008183775232_twitter,dapping up your skinny homies is annoying man you gotta be ready for a powerful embrace stop stumbling bro you scaring the women,"[1, 1, 2]",23
8271175_gab,<number> <number> child refugees in sweden are adults,"[1, 1, 2]",8
6397210_gab,nukes nah they are just making ready safe spaces for swedes to escape the tolerant immigrants,"[2, 1, 1]",16
1095439403202166784_twitter,<user> i hate you,"[1, 2, 1]",4
1247714098495840264_twitter,tfw you hate yourself for no reason gt,"[1, 1, 2]",8
1106585275340333056_twitter,<user> i hate you,"[0, 1, 1]",4
14588809_gab,a moslem ban from the beginning would have been better,"[0, 1, 1]",10
1173791401068220416_twitter,<user> a fact is inciting hatred using the same logic labelling meat halal is inciting hatred against non muslims surely,"[2, 1, 1]",20
1178366157809565696_twitter,<user> the one who embarace islam others on street of usa were disgracing islam allahs_islam vs mullahs_islam,"[0, 1, 1]",17
26564590_gab,i have found several articles suggesting both are linked to the muslim brotherhood why are these women not under investigation why is not obama administration under investigation for employing our enemies in our government,"[1, 0, 1]",34
16017904_gab,the refugee resettlement immigrant aid agencies need to be relentlessly exposed starved of funding asap boycott their sponsors get the next congress to freeze them out i will post on this tomorrow,"[1, 2, 1]",32
27300415_gab,if anyone looks at them yes by the way that was a backpedal originally quote was suppressed revealing that the intent is to crush replies down into an easily ignored ghetto under the big brand posts,"[1, 1, 2]",36
1178010681108520961_twitter,i hate how they portray dykes in movies,"[1, 2, 1]",8
1246577578506194945_twitter,it ’ the demonazi ’ and republicommies,"[1, 2, 1]",7
1255279064786644996_twitter,<user> you my chic fil a line gt the i called up my muslims line,"[2, 1, 1]",15
1275939308713775107_twitter,<user> it ’ ghetto lol,"[2, 1, 1]",5
20595346_gab,<user> hey remy welcome to gab if you are a refugee from other platforms or you have just come for the right to speak and be heard you are in the right place gab is the mothership of the 1 a in social media bet you will like it here glad you are on board,"[1, 1, 0]",55
12600538_gab,if female files for divorce the man should be awarded with kids and there should be no financial compensation awarding female if non marital sexual relationship of women will be found and proven in front of court the contact with her kids should be forbidden,"[1, 1, 0]",45
1239630166919237633_twitter,<user> kashmir is no longer an islamic country as ms mehbooba used to say wahed muslim riyasat,"[1, 1, 2]",17
1187204382619619334_twitter,<user> that actual harassment,"[1, 2, 1]",4
12192046_gab,jesus never met a chinaman,"[0, 1, 1]",5
1178860972762636289_twitter,meanwhile they are called shithole countries,"[1, 1, 2]",6
1184804359902810112_twitter,<user> they used the f slur too so i ’ m guessing we got ourselves a homophobe here,"[1, 2, 1]",18
1089669408241434624_twitter,chloe start a lesbian era i dare you,"[1, 0, 1]",8
24273157_gab,well now i have seen it all a chinaman wearing a kilt,"[2, 1, 1]",12
1215921170354016256_twitter,xuan lu and meng ziyi not being invited to award shows and nominated for their roles in cql is homophobic,"[2, 1, 1]",20
1239265392461307904_twitter,<user> <user> not worth the risk complimenting women anymore,"[1, 2, 1]",9
1179926054426861568_twitter,funding myself is so ghetto i need a sugar daddy 🤕,"[2, 1, 1]",11
1243620397058338817_twitter,i have to work tomorrow … the ghetto 🙄 🙄 🙄 🙄 🙄,"[1, 2, 1]",13
21943672_gab,when a moslem flees an islamic country isnt that islamophobic,"[0, 1, 1]",10
1238867010752253958_twitter,this year so far has been ghetto,"[1, 1, 2]",7
24715010_gab,wait till he gets to the part about the arabs,"[2, 1, 1]",10
1179009626588745728_twitter,<user> <user> <user> sure numbers of the holocaust are probably inflated your religion is still bs,"[2, 1, 1]",16
14532124_gab,no we are not immigrants on campus however are,"[1, 1, 2]",9
1177816917152862208_twitter,<user> srj scared them with his towelhead,"[1, 1, 0]",7
1081250215389204485_twitter,<user> <user> another unsuccessfully vetted immigrant,"[1, 2, 1]",6
1162934206793748481_twitter,sleeping alone is ghetto 😭,"[2, 1, 1]",5
3713159_gab,<user> yes he is weird and chasing after women but to me is kind of funny,"[1, 1, 2]",16
1166855276357672960_twitter,<user> <user> many british on the continent think they ’ re the jesus because they ’ re not immigrants they ’ re expats 🤣 🤣 🤣,"[1, 1, 2]",26
9152274_gab,venezuela ecuador are democracy that is why if you win the ghetto there you win the country venezuela is also a true socialist democracy that is now arming up their supporters with firearms confiscated from everyone else another failed socialist experiment republic or death end globalism,"[1, 2, 1]",46
3756470_gab,<user> now it is a democrat ghetto that they are hiding,"[1, 2, 1]",11
1179103519925850113_twitter,<user> <user> <user> he dindu nuffin,"[1, 0, 1]",6
1194225983064166402_twitter,<user> why i still hate you you delete artpop,"[2, 1, 1]",9
2414672_gab,i was horrified by saudi arabia ban on women driving until ohio gov kasich enriched my local community with muslim refugees now i understand speakfreely,"[1, 1, 0]",25
1104311253764206592_twitter,<user> no piss off i hate you,"[1, 0, 1]",7
1317411_gab,<user> bit worried about the generalised threats bit offended snowflakes are threatened by everything would a call to protest in person against a mosque that was spreading radical islam now be forbidden remember censorship is a slippery slope best not start,"[1, 2, 1]",41
1167141827000045577_twitter,<user> <user> i hate you,"[0, 1, 1]",5
1208860551436283904_twitter,tf y ’ all get saying everything ghetto from 😒,"[2, 1, 1]",10
1083511217866661888_twitter,<user> she highkey seems to be one of those deluded sjw liberal muslims lol,"[1, 1, 2]",14
1260367393097953280_twitter,my friends amp my boo not tryna drunk with me this is ghetto,"[1, 1, 2]",13
3065094_gab,french start backing marine for french president as she says she will stop islam take france out of eu poll lead jump,"[1, 1, 2]",22
17714719_gab,when moslems flee moslem countries dont that make them islamophobic,"[1, 0, 1]",10
4721154_gab,<number> women and a child among the collateral damage in latest op obama bombed a doctors without borders hospital scotus,"[2, 1, 1]",20
1256344933906161664_twitter,<user> it ’ also homophobic,"[2, 1, 1]",5
27524955_gab,that amazing that you actually believe everyone watches tv you seem to be pretty deep into the sjw ghetto,"[2, 1, 1]",19
26969039_gab,for the first time in decades saudis to let women drive cars and fly,"[0, 1, 1]",14
9656675_gab,i wish i cant get on twitter anymore they banned me for fighting with a muslim who threatened me potus he needs to end twitter,"[1, 1, 2]",25
18723798_gab,nation of islam they wear b ties,"[1, 1, 2]",7
1178713178936676354_twitter,btw she also said that hitler dindu nuffin,"[0, 1, 1]",8
1255686268786225153_twitter,<user> sikh community always helpful to others specially they help muslims in india in caa nrc protest allah bless,"[0, 1, 1]",19
15883057_gab,<number> genetics by current estimates ghetto dwellers breed more ghetto dwellers welfare is dysgenics writ large,"[1, 2, 1]",16
21201098_gab,i thought it was because they wanted to be prettier than the liberal women 🤣 🤣 🤣 🤣 🤣,"[1, 2, 1]",19
1178871654128050176_twitter,<user> <user> <user> <user> i dindu nuffin,"[1, 1, 2]",7
14496091_gab,damnit you got another muslim cut the line son,"[2, 1, 1]",9
1214172457101385734_twitter,<user> you ’ re in school the ghetto 💀,"[2, 1, 1]",9
25603522_gab,pro tip for any of our free speech facebook group refugees here click your profile photo in the upper right corner select dark mode trust me you will thank me honestly dark mode should be the gab default with how much better looking it makes the site,"[1, 2, 1]",47
14783877_gab,2 x 3 xy <number> x <number> y solve for xy shibshastihtudes the way to reach ghetto mathematicians is ghetto up the work and all dat <number> shib <number> shib shastihtudes <number> shib shib shastithudes <number> 3 shastitudes <number> shib shastihtudes <number> shastidudes <number> shib <number> and all dat,"[1, 2, 1]",49
1199061529007493121_twitter,<user> not pacsun though because im not a dyke 🚫 🏳 ️ ‍ 🌈 🚫,"[1, 1, 0]",15
1185359962593087489_twitter,petty betty back at it again this is my life how ghetto,"[2, 1, 1]",12
1231615179097550849_twitter,bouta get real ghetto,"[2, 1, 1]",4
1246266960943472640_twitter,soo what countries taking american refugees because this system is acrumbling,"[1, 1, 2]",11
1197965498647867392_twitter,i need to stop using all my high speed data before it resets not being able to see photos is so ghetto,"[2, 1, 1]",22
23996546_gab,attention women of all genders,"[1, 2, 1]",5
14827428_gab,strikes what israel is too small for immigrants,"[1, 1, 2]",8
1114704091467399168_twitter,no more wrestlemania week in new york cause the ghetto thee ghetto,"[2, 1, 1]",12
1178011413417201664_twitter,i think im gunna start a dyke club here at mary wash,"[1, 1, 2]",12
1179078219636629506_twitter,<user> <user> <user> unfortunately i have witnessed christianity expressed as totalitarian and dogmatic and frankly repulsive as islam by refugees but they are in the minority in the current refugee influx that could change though,"[1, 0, 1]",35
1081593414314049541_twitter,<user> feminazi macumbeira kk,"[1, 2, 1]",4
27106705_gab,i am the reaction to the shitskin invasion,"[1, 1, 0]",8
1211716604016369665_twitter,<user> graysons the ghetto currently,"[1, 2, 1]",5
1103744752724324353_twitter,if you tuck your jeans into your socks i hate you,"[1, 0, 1]",11
1235485141084131329_twitter,follow <user> and get follow back shehnazians bhai ka old account suspend ho gya plz follow kro sare westandbyyousana,"[1, 2, 1]",19
22639477_gab,stand up and be counted feel free to message me with any questions the ikk kk is currently taking applications we are looking for honest christian men and women who are ready to make a change ik org,"[1, 1, 0]",38
1092641093584408576_twitter,<user> <user> is the first beneficiary of undocumented immigrants he cannot run his golf courses without them,"[1, 1, 2]",17
19112105_gab,they will pay to have the holocaust industry accuse them of atrocities just like takes place in poland,"[2, 1, 1]",18
1196432493135577088_twitter,<user> islamophobia is not just in the mind islamist extremists are for real these are hardened moderate muslims,"[1, 2, 1]",18
1094980001110388737_twitter,<user> <user> and she was allowed here as a refugee ong,"[1, 1, 2]",11
6702497_gab,men must not confuse chivalry with letting women walk all over you,"[2, 1, 1]",12
1245913104283656193_twitter,<user> chalo jo bhi hua sahi hua for them only islam is important nothing else,"[1, 1, 2]",15
1231787573397409792_twitter,<user> its in malaysia and indonesia too are all of those islam ke dushman,"[1, 1, 0]",14
15751007_gab,i am a liberal and i have consensual sex with more women than the guys you see in porn,"[2, 1, 1]",19
1166667993348280320_twitter,thread sur <user> aka le negrophobe,"[1, 2, 1]",6
17563616_gab,i am so ghetto,"[1, 2, 1]",4
1171521116570959872_twitter,<user> omg yes arab muslims rise 👁 ️ 👄 👁 ️,"[1, 2, 1]",11
1183598610778222592_twitter,<user> or stop letting so many immigrants in might also help,"[2, 1, 1]",11
1181235518908047360_twitter,working really is ghetto,"[2, 1, 1]",4
25936116_gab,enjoy your new drama filled scandalous royalty england this is what happens when you take a ghetto <number> y o divorcee and try to make her a princess,"[2, 1, 1]",28
1115973667014496256_twitter,<user> there was no moslem ban,"[1, 1, 2]",6
1260448846041227264_twitter,ghetto how i ’ m not cuddling and receiving kisses rn 🥱,"[1, 1, 2]",12
1123690490136756225_twitter,<user> helping immigrants from all over the world drain the prosperity from developed nations via un immigration pact,"[1, 1, 2]",18
17042995_gab,some of the moslem invaders being honoured by the british regime,"[1, 1, 0]",11
1178284117038813184_twitter,<user> bat ching chong,"[1, 0, 1]",4
1187192156194328577_twitter,to cold to be sleeping alone ghetto,"[2, 1, 1]",7
17941100_gab,<user> may as well put you to good use <user> this is an example of a muslim catfish study it have fun with it but if you want to cry at me for a few more hrs i suppose that would just say some thing no,"[1, 1, 2]",46
1178605473743982594_twitter,me 🤝 looking like a dyke every day,"[1, 2, 1]",8
22398797_gab,silent weapons for quiet wars by hartford van dyke adventures in legalland by marc stevens dispatch of merchants by bill avery vacate void judgement by richard cornforth and school ten by gene keating,"[1, 1, 0]",33
21276945_gab,loll calling me a zhid and pedophile when i am neither,"[2, 1, 1]",11
1178082052513468417_twitter,<user> <user> a camel jockey midde east watering station,"[1, 1, 2]",9
1179078926955683841_twitter,just remembered that renee is a lesbian the dykes won this one,"[2, 1, 1]",12
1179895157757489158_twitter,paying my own bills so ghetto 🥴,"[1, 1, 2]",7
27673860_gab,twitter is agaisnt all non muslim holidays,"[1, 1, 2]",7
25022515_gab,now nik omar is da man perfect timing awesome strategy tetiba semua orang suka religious man atheist pon mungkin masuk islam nanti,"[1, 1, 2]",22
1178643316847431681_twitter,kashmir lockdown should stay for <number> years just like kashmir pundits stayed refugee for <number> years that would be a perfect poetic justice,"[1, 1, 0]",23
1178784070463045632_twitter,everybody say dyke keep it goin,"[2, 1, 1]",6
20318223_gab,the heeb fears the muramasa,"[2, 1, 1]",5
13215907_gab,gee i wonder why anita sarkeesian is not speaking out about harvey weinstein or andy signore sexual harassment on women 🤔,"[1, 1, 2]",21
21162135_gab,i am so glad i am home time to stare at the wall and listen to some sweet music see ya later niggerz,"[1, 1, 0]",23
13449104_gab,looked like a religious riot to me except that it was not in a muslim country theres your freedom of speech or to congregate imposing their will on others its coming to a western nation near you,"[1, 1, 0]",37
1208582490052423686_twitter,some y ’ all are ghetto asf 🥱,"[1, 2, 1]",8
1165283220629442560_twitter,getting paid biweekly is so ghetto,"[1, 2, 1]",6
1087056935671586817_twitter,<user> the person who gave me my maga hat is a child of legal mexican immigrants,"[2, 1, 1]",16
1178285709964316679_twitter,<user> <user> <user> bring your canoe,"[1, 1, 2]",6
1109087701960146945_twitter,<user> 😂 😂 tell me about it they have been co opted by immigrants that why 🤷 🏽 ‍ ♀ ️,"[1, 2, 1]",21
1220265243005288448_twitter,iokanopenprison human rights organisations are sleeping for kashmirs because they are muslims <user> <user>,"[1, 0, 1]",14
1194611863226605568_twitter,<user> are you gonna cry becuase someone insulted your precious ching chong singers,"[1, 1, 2]",13
1105564033632165888_twitter,<user> reported for targeted harassment,"[1, 2, 1]",5
1178830333246087169_twitter,<user> so basically she saying amari dindu nuffin,"[0, 1, 1]",8
15972746_gab,police are reporting they are on the look out for moslem convert terror suspect al samel haeed,"[2, 1, 1]",17
1146423210973573120_twitter,<user> <user> but answer the question first ya islam mein sawaal puchna bhi haraam hai,"[1, 2, 1]",15
